0,1,89,3,3,1,2,nao
1,1,84,3,3,1,1,nao
2,1,90,3,3,1,2,nao
3,1,74,3,3,1,1,nao
4,2,73,3,3,1,1,nao
5,1,75,3,3,1,1,nao
6,2,85,3,3,1,1,nao
7,2,76,3,3,1,1,nao
8,1,99,3,3,1,2,nao
9,2,89,3,3,1,1,nao
10,1,82,3,3,1,1,nao
11,2,75,3,3,1,1,nao
12,1,87,3,3,1,1,nao
13,2,85,3,3,1,2,nao
14,2,88,3,3,1,1,nao
15,1,74,3,3,1,2,nao
16,2,82,3,3,1,2,nao
17,1,76,3,3,1,1,nao
18,2,82,3,3,1,1,nao
19,1,83,3,3,1,1,nao
20,2,85,3,3,1,1,nao
21,2,75,3,3,1,2,nao
22,2,94,3,3,1,1,nao
23,1,82,3,3,1,1,nao
24,2,91,3,3,1,1,nao
25,2,85,3,3,1,1,nao
26,1,87,3,3,1,2,nao
27,1,86,3,3,1,1,nao
28,2,79,3,3,1,1,nao
29,2,75,3,3,1,1,nao
30,2,90,3,3,1,1,nao
31,1,76,3,3,1,1,nao
32,2,76,3,3,1,2,nao
33,1,80,3,3,1,1,nao
34,2,94,3,3,1,2,nao
35,1,91,3,3,1,1,nao
36,1,65,3,3,1,1,nao
37,1,76,3,3,1,2,nao
38,2,84,3,3,1,1,nao
39,2,88,3,3,1,1,nao
40,2,68,3,3,1,1,nao
41,1,77,3,3,1,1,nao
42,1,79,3,3,1,1,nao
43,2,81,3,3,1,1,nao
44,1,79,3,3,1,1,nao
45,2,71,3,3,1,1,nao
46,2,84,3,3,1,1,nao
47,1,71,3,3,1,2,nao
48,1,84,3,3,1,2,nao
49,1,81,3,3,1,1,nao
50,1,79,3,3,1,1,nao
51,2,76,3,3,1,2,nao
52,1,75,3,3,1,1,nao
53,2,73,3,3,1,1,nao
54,1,82,3,3,1,1,nao
55,2,76,3,3,1,1,nao
56,1,88,3,3,1,1,nao
57,2,71,3,3,1,1,nao
58,1,90,3,3,1,2,nao
59,2,83,3,3,1,1,nao
60,1,71,3,3,1,2,nao
61,2,77,3,3,1,1,nao
62,1,78,3,3,1,1,nao
63,2,75,3,3,1,1,nao
64,1,78,3,3,1,2,nao
65,1,84,3,3,1,1,nao
66,2,74,3,3,1,1,nao
67,1,91,3,3,1,1,nao
68,2,80,3,3,1,2,nao
69,1,81,3,3,1,1,nao
70,1,91,3,3,1,2,nao
71,2,73,3,3,1,2,nao
72,2,81,3,3,1,1,nao
73,2,84,3,3,1,1,nao
74,1,87,3,3,1,1,nao
75,1,79,3,3,1,1,nao
76,1,72,3,3,1,1,nao
77,2,88,3,3,1,1,nao
78,2,80,3,3,1,2,nao
79,2,83,3,3,1,2,nao
80,2,77,3,3,1,1,nao
81,2,94,3,3,1,1,nao
82,2,73,3,3,1,2,nao
83,2,81,3,3,1,2,nao
84,2,69,3,3,1,1,nao
85,2,71,3,3,1,1,nao
86,2,82,3,3,1,1,nao
87,2,79,3,3,1,2,nao
88,2,70,3,3,1,2,nao
89,1,75,3,3,1,1,nao
90,2,78,3,3,1,2,nao
91,1,73,3,3,1,2,nao
92,2,81,3,3,1,1,nao
93,1,83,3,3,1,1,nao
94,2,64,3,3,1,2,nao
95,1,82,3,3,1,1,nao
96,2,66,3,3,1,1,nao
97,1,76,3,3,1,2,nao
98,1,67,3,3,1,2,nao
99,1,65,3,3,1,1,nao
100,1,80,3,3,1,2,nao
101,2,88,3,3,1,1,nao
102,2,70,3,3,1,1,nao
103,1,88,3,3,1,1,nao
104,2,69,3,3,1,1,nao
105,2,88,3,3,1,1,nao
106,1,91,3,3,1,1,nao
107,1,83,3,3,1,1,nao
108,2,82,3,3,1,1,nao
109,1,83,3,3,1,1,nao
110,2,92,3,3,1,2,nao
111,1,65,3,3,1,2,nao
112,2,85,3,3,1,1,nao
113,2,87,3,3,1,1,nao
114,2,66,3,3,1,1,nao
115,1,68,3,3,1,1,nao
116,2,86,3,3,1,2,nao
117,2,69,3,3,1,2,nao
118,1,69,3,3,1,1,nao
119,2,78,3,3,1,1,nao
120,1,82,3,3,1,1,nao
121,2,71,3,3,1,1,nao
122,1,80,3,3,1,1,nao
123,2,91,3,3,1,1,nao
124,2,59,3,3,1,1,nao
125,1,85,3,3,1,1,nao
126,1,84,3,3,1,1,nao
127,2,89,3,3,1,1,nao
128,1,81,3,3,1,1,nao
129,2,88,3,3,1,1,nao
130,2,81,3,3,1,1,nao
131,1,86,3,3,1,1,nao
132,1,84,3,3,1,1,nao
133,1,75,3,3,1,1,nao
134,1,80,3,3,1,1,nao
135,1,82,3,3,1,1,nao
136,1,84,3,3,1,1,nao
137,1,75,3,3,1,1,nao
138,1,71,3,3,1,1,nao
139,2,79,3,3,1,1,nao
140,2,96,3,3,1,1,nao
141,2,85,3,3,1,1,nao
142,1,89,3,3,1,1,nao
143,1,92,3,3,1,1,nao
144,1,84,3,3,1,2,nao
145,1,79,3,3,1,1,nao
146,2,86,3,3,1,1,nao
147,2,92,3,3,1,1,nao
148,2,86,3,3,1,1,nao
149,2,80,3,3,1,1,nao
150,1,83,3,3,1,1,nao
151,2,71,3,3,1,1,nao
152,1,79,3,3,1,1,nao
153,1,76,3,3,1,1,nao
154,2,89,3,3,1,1,nao
155,2,80,3,3,1,1,nao
156,2,82,3,3,1,1,nao
157,2,72,3,3,1,1,nao
158,1,86,3,3,1,1,nao
159,1,89,3,3,1,1,nao
160,1,71,3,3,1,1,nao
161,2,93,3,3,1,1,nao
162,2,82,2,3,1,2,nao
163,1,73,2,3,1,2,nao
164,2,83,2,3,2,2,nao
165,1,74,2,3,1,2,nao
166,1,69,2,3,1,1,nao
167,1,76,2,3,1,2,nao
168,2,86,2,3,1,1,nao
169,1,82,2,3,1,1,nao
170,2,79,2,3,1,2,nao
171,2,80,2,3,1,2,nao
172,2,79,2,3,1,1,nao
173,2,87,2,3,1,2,nao
174,1,76,2,3,1,1,nao
175,2,73,2,3,2,2,nao
176,2,92,2,3,1,2,nao
177,2,67,3,3,1,1,sim
178,1,64,3,3,1,1,sim
179,2,71,3,3,1,2,sim
180,1,80,3,3,1,1,sim
181,2,79,3,3,1,1,sim
182,2,80,3,3,1,1,sim
183,2,65,3,3,1,1,sim
184,2,61,3,3,1,1,sim
185,2,71,3,3,1,1,sim
186,2,66,3,3,1,2,sim
187,2,79,3,3,1,1,sim
188,1,66,3,3,1,1,sim
189,2,65,3,3,1,1,sim
190,2,73,3,3,1,1,sim
191,2,79,3,3,1,1,sim
192,2,75,3,3,1,1,sim
193,2,70,3,3,1,1,sim
194,2,83,3,3,1,1,sim
195,2,78,3,3,1,2,sim
196,1,84,3,3,1,1,sim
197,2,75,3,3,1,1,sim
198,2,80,3,3,1,2,sim
199,2,78,3,3,1,1,sim
200,2,83,3,3,1,1,sim
201,1,80,3,3,1,1,sim
202,2,88,3,3,1,2,sim
203,1,85,3,3,1,2,sim
204,2,93,3,3,1,1,sim
205,2,78,3,3,1,1,sim
206,1,83,3,3,1,1,sim
207,2,82,3,3,1,2,sim
208,1,88,3,3,1,1,sim
209,1,89,3,3,1,2,sim
210,1,84,3,3,1,1,sim
211,1,90,3,3,1,1,sim
212,2,85,3,3,1,1,sim
213,2,70,3,3,1,1,sim
214,2,75,3,3,1,2,sim
215,1,82,3,3,1,1,sim
216,1,71,3,3,1,1,sim
217,1,75,3,3,1,1,sim
218,1,64,3,3,1,1,sim
219,2,80,3,3,1,1,sim
220,2,83,3,3,1,2,sim
221,2,67,3,3,1,2,sim
222,2,84,3,3,1,1,sim
223,2,65,3,3,1,1,sim
224,1,68,3,3,1,1,sim
225,2,98,3,3,1,1,sim
226,2,77,3,3,1,2,sim
227,2,90,3,3,1,1,sim
228,2,74,3,3,1,1,sim
229,1,69,3,3,1,1,sim
230,2,91,3,3,1,2,sim
231,2,67,3,3,1,2,sim
232,1,82,3,3,1,2,sim
233,1,69,2,3,1,2,sim
234,2,72,2,3,1,2,sim
235,2,71,2,3,1,2,sim
236,2,89,2,3,1,2,sim
237,2,73,2,3,1,2,sim
238,1,85,2,3,1,2,sim
239,1,75,2,3,1,2,sim
240,1,89,2,3,1,2,sim
241,2,63,2,3,1,2,sim
242,2,93,2,3,1,2,sim
243,1,87,2,3,1,2,sim
244,2,87,2,3,1,1,sim
245,2,89,2,3,1,2,sim
246,1,66,2,3,1,2,sim
247,1,76,2,3,1,2,sim
248,2,69,2,3,1,2,sim
